{
    "A11E": {
        "A": {
            "A14": 3.225311517715454,
            "A15": 3.1334874629974365
        },
        "B": {
            "B3628": 3.9493086338043213
        }
    },
    "A14E": {
        "A": {
            "A11": 3.225311517715454,
            "A15": 1.3338342905044556,
            "A18": 3.366196870803833
        },
        "B": {
            "B3628": 4.311905384063721
        }
    },
    "A15A": {
        "A": {
            "A11": 3.1334874629974365,
            "A14": 1.3338342905044556,
            "A18": 2.9765238761901855,
            "A19": 3.510484218597412
        },
        "B": {
            "B3628": 4.256417751312256,
            "B3632": 4.2862677574157715
        }
    },
    "A18L": {
        "A": {},
        "B": {
            "B3625": 3.701906442642212,
            "B3628": 3.8875226974487305,
            "B3629": 3.8324198722839355
        }
    },
    "A19F": {
        "A": {
            "A15": 3.510484218597412
        },
        "B": {
            "B3628": 4.934757709503174,
            "B3629": 3.5761489868164062,
            "B3632": 3.4707069396972656,
            "B3633": 3.8546371459960938,
            "B3636": 4.4792022705078125
        }
    },
    "A27I": {
        "A": {
            "A19": 3.580634355545044,
            "A32": 4.320192813873291,
            "A52": 4.136159896850586,
            "A63": 2.7963621616363525,
            "A68": 4.136450290679932
        },
        "B": {
            "B3636": 4.632027626037598
        }
    },
    "A32L": {
        "A": {
            "A19": 3.925733804702759,
            "A27": 4.320192813873291,
            "A51": 3.963913679122925,
            "A52": 4.021483421325684
        },
        "B": {
            "B3633": 4.4512529373168945,
            "B3636": 3.887101888656616
        }
    },
    "A35V": {
        "A": {
            "A18": 3.8716893196105957,
            "A19": 3.63291072845459,
            "A38": 2.832852840423584,
            "A39": 3.2376089096069336
        },
        "B": {
            "B3629": 3.8214480876922607,
            "B3633": 4.1769561767578125
        }
    },
    "A36M": {
        "A": {
            "A41": 2.883937120437622,
            "A51": 3.628777265548706
        },
        "B": {
            "B3633": 3.789276123046875,
            "B3637": 3.5574164390563965
        }
    },
    "A38S": {
        "A": {
            "A39": 1.3316333293914795
        },
        "B": {
            "B3626": 4.6742424964904785,
            "B3629": 4.991716384887695
        }
    },
    "A39L": {
        "A": {
            "A41": 3.4458322525024414,
            "A112": 4.700697898864746
        },
        "B": {
            "B3626": 3.7996628284454346,
            "B3629": 4.074641227722168,
            "B3630": 3.7697103023529053,
            "B3633": 3.997042417526245
        }
    },
    "A41Q": {
        "A": {
            "A36": 2.883937120437622
        },
        "B": {
            "B3633": 3.423524856567383,
            "B3637": 3.246649742126465
        }
    },
    "A51M": {
        "A": {
            "A32": 3.963913679122925,
            "A52": 1.3323540687561035,
            "A55": 3.582085132598877,
            "A63": 4.838000774383545
        },
        "B": {
            "B3633": 4.080203533172607,
            "B3636": 3.315735340118408,
            "B3637": 3.973064661026001
        }
    },
    "A52I": {
        "A": {
            "A27": 4.136159896850586,
            "A32": 4.021483421325684,
            "A51": 1.3323540687561035,
            "A55": 3.0183815956115723,
            "A63": 3.3508007526397705
        },
        "B": {
            "B3636": 4.657606601715088
        }
    },
    "A55V": {
        "A": {
            "A51": 3.582085132598877,
            "A52": 3.0183815956115723,
            "A63": 3.8723161220550537,
            "A68": 4.594823360443115,
            "A71": 3.633361577987671
        },
        "B": {
            "B3636": 4.028738021850586
        }
    },
    "A63I": {
        "A": {
            "A27": 2.7963621616363525,
            "A51": 4.838000774383545,
            "A52": 3.3508007526397705,
            "A55": 3.8723161220550537,
            "A68": 3.8273799419403076
        },
        "B": {
            "B3636": 3.204644203186035
        }
    },
    "A68F": {
        "A": {
            "A15": 4.216091156005859,
            "A72": 3.0053513050079346
        },
        "B": {
            "B3632": 3.8512139320373535,
            "B3636": 4.436733245849609
        }
    },
    "A71M": {
        "A": {
            "A55": 3.633361577987671,
            "A68": 3.201981544494629
        },
        "B": {
            "B3635": 4.313645362854004,
            "B3636": 3.6474034786224365
        }
    },
    "A72M": {
        "A": {
            "A71": 1.332175850868225,
            "A75": 3.3817358016967773
        },
        "B": {
            "B3632": 4.3824968338012695,
            "B3635": 4.19092321395874
        }
    },
    "A75K": {
        "A": {
            "A71": 3.696805238723755,
            "A72": 3.3817358016967773
        },
        "B": {
            "B3635": 3.4005730152130127
        }
    },
    "A84E": {
        "A": {},
        "B": {
            "B3627": 4.774956226348877,
            "B3628": 4.118146896362305
        }
    },
    "A87E": {
        "A": {
            "A84": 3.209791898727417,
            "A88": 1.3248107433319092,
            "A91": 3.289983034133911
        },
        "B": {
            "B3627": 4.546378135681152
        }
    },
    "A88A": {
        "A": {
            "A84": 2.7948310375213623,
            "A87": 1.3248107433319092,
            "A91": 3.034884214401245,
            "A92": 3.099133014678955
        },
        "B": {
            "B3624": 3.854685068130493,
            "B3627": 3.298020839691162
        }
    },
    "A91V": {
        "A": {
            "A87": 3.289983034133911,
            "A88": 3.034884214401245,
            "A92": 1.3290185928344727
        },
        "B": {
            "B3627": 3.926813840866089,
            "B3630": 4.743275165557861
        }
    },
    "A92F": {
        "A": {
            "A100": 3.549919366836548,
            "A105": 3.938753843307495,
            "A141": 3.8606374263763428,
            "A145": 4.389970779418945
        },
        "B": {
            "B3620": 3.8921852111816406,
            "B3623": 3.9962615966796875
        }
    },
    "A100I": {
        "A": {
            "A92": 3.549919366836548,
            "A105": 4.243105888366699,
            "A125": 4.894659519195557,
            "A136": 2.776519298553467,
            "A141": 3.578432083129883
        },
        "B": {
            "B3620": 4.749978065490723
        }
    },
    "A105L": {
        "A": {
            "A92": 3.938753843307495,
            "A108": 3.2723793983459473,
            "A109": 2.967148780822754,
            "A124": 3.9192557334899902
        },
        "B": {
            "B3620": 4.085420608520508,
            "B3623": 3.865478992462158
        }
    },
    "A108V": {
        "A": {
            "A92": 3.694774866104126,
            "A105": 3.2723793983459473,
            "A109": 1.3343793153762817,
            "A112": 2.8957359790802
        },
        "B": {
            "B3623": 4.7144622802734375
        }
    },
    "A109M": {
        "A": {
            "A105": 2.967148780822754,
            "A108": 1.3343793153762817,
            "A112": 3.287576675415039,
            "A114": 2.8500568866729736,
            "A124": 4.170286655426025
        },
        "B": {
            "B3619": 4.122235298156738,
            "B3623": 3.781500816345215
        }
    },