{
    "A1656P": {
        "A": {
            "A1657": 1.3181989192962646,
            "A1658": 3.936021089553833
        },
        "B": {
            "B14": 3.3680403232574463
        }
    },
    "A1657N": {
        "A": {
            "A1658": 1.3136935234069824,
            "A1656": 1.3181989192962646,
            "A1660": 3.2903571128845215,
            "A1659": 3.3745217323303223
        },
        "B": {
            "B14": 3.1606457233428955
        }
    },
    "A1658K": {
        "A": {
            "A1659": 1.3124535083770752,
            "A1725": 4.125579833984375
        },
        "B": {
            "B11": 3.0076069831848145,
            "B14": 3.322263240814209
        }
    },
    "A1659I": {
        "A": {
            "A1658": 1.3124535083770752,
            "A1660": 1.3405745029449463,
            "A1657": 3.3745217323303223
        },
        "B": {
            "B14": 3.142707109451294,
            "B11": 3.769955635070801,
            "B15": 3.9466023445129395,
            "B18": 4.0943284034729
        }
    },
    "A1660K": {
        "A": {
            "A1659": 1.3405745029449463,
            "A1657": 3.2903571128845215,
            "A1658": 3.3206167221069336
        },
        "B": {
            "B14": 3.031111478805542,
            "B18": 3.7607784271240234
        }
    },
    "A1662I": {
        "A": {
            "A1663": 1.3244072198867798,
            "A1659": 3.0696728229522705,
            "A1722": 3.4188389778137207,
            "A1725": 3.698701858520508
        },
        "B": {
            "B38": 3.4446403980255127,
            "B37": 4.937472343444824
        }
    },
    "A1663T": {
        "A": {
            "A1660": 2.7424774169921875,
            "A1659": 2.9163026809692383
        },
        "B": {
            "B18": 3.78491473197937,
            "B19": 4.143390655517578
        }
    },
    "A1672D": {
        "A": {
            "A1724": 3.586456537246704
        },
        "B": {
            "B111": 3.0514228343963623
        }
    },
    "A1722L": {
        "A": {
            "A1725": 3.3432395458221436,
            "A1662": 3.4188389778137207
        },
        "B": {
            "B37": 4.095630168914795,
            "B38": 4.601107597351074
        }
    },
    "A1724R": {
        "A": {
            "A1728": 2.8547749519348145,
            "A1727": 3.0137243270874023
        },
        "B": {
            "B112": 3.6633849143981934,
            "B111": 4.268207550048828
        }
    },
    "A1725K": {
        "A": {
            "A1658": 4.125579833984375,
            "A1659": 4.475837230682373
        },
        "B": {
            "B11": 2.7986984252929688,
            "B39": 3.382455587387085
        }
    },
    "A1726H": {
        "A": {
            "A1725": 1.3381696939468384,
            "A1729": 3.13002347946167
        },
        "B": {
            "B40": 2.8126883506774902,
            "B42": 3.18605899810791,
            "B41": 4.6612725257873535
        }
    },
    "A1727E": {
        "A": {
            "A1731": 2.8378727436065674,
            "A1730": 3.3505892753601074
        },
        "B": {
            "B92": 3.3062381744384766,
            "B91": 3.778695821762085,
            "B112": 3.8590409755706787
        }
    },
    "A1728E": {
        "A": {
            "A1732": 2.9457342624664307,
            "A1731": 3.1036972999572754
        },
        "B": {
            "B113": 2.9176812171936035,
            "B112": 3.8679471015930176
        }
    },
    "A1729V": {
        "A": {
            "A1725": 3.108356475830078
        },
        "B": {
            "B39": 3.5316579341888428,
            "B40": 3.578139305114746,
            "B41": 4.642847537994385
        }
    },
    "A1730C": {
        "A": {
            "A1733": 3.098737955093384,
            "A1734": 3.2000088691711426
        },
        "B": {
            "B88": 3.4581141471862793,
            "B91": 3.540576934814453,
            "B92": 3.9771485328674316,
            "B87": 4.865865230560303
        }
    },
    "A1731A": {
        "A": {
            "A1735": 2.821406602859497,
            "A1727": 2.8378727436065674,
            "A1728": 3.1036972999572754
        },
        "B": {
            "B112": 3.911825180053711,
            "B109": 3.9138197898864746,
            "B92": 3.9850258827209473,
            "B108": 4.2664794921875,
            "B113": 4.875739574432373
        }
    },
    "A1732I": {
        "A": {
            "A1731": 1.3281276226043701,
            "A1728": 2.9457342624664307,
            "A1735": 3.2021241188049316
        },
        "B": {
            "B113": 3.6574249267578125,
            "B114": 3.8042054176330566
        }
    },
    "A1733K": {
        "A": {},
        "B": {
            "B80": 2.900458574295044,
            "B84": 4.316380977630615,
            "B85": 4.52523946762085
        }
    },
    "A1734I": {
        "A": {},
        "B": {
            "B89": 3.6346800327301025,
            "B88": 3.8601715564727783,
            "B92": 4.186511516571045,
            "B85": 4.470334053039551,
            "B145": 4.475950717926025
        }
    },
    "A1735Q": {
        "A": {
            "A1736": 1.3356529474258423,
            "A1739": 2.9674487113952637,
            "A1732": 3.2021241188049316
        },
        "B": {
            "B114": 2.8147571086883545,
            "B112": 2.9384589195251465,
            "B109": 3.1012778282165527,
            "B113": 3.638719320297241,
            "B115": 3.7312850952148438,
            "B116": 4.039078235626221
        }
    },
    "A1736R": {
        "A": {
            "A1735": 1.3356529474258423,
            "A1732": 2.879784345626831,
            "A1739": 3.369476795196533
        },
        "B": {
            "B114": 3.0521388053894043
        }
    },
    "A1737A": {
        "A": {
            "A1733": 3.028231620788574,
            "A1734": 3.279637336730957
        },
        "B": {
            "B85": 3.749135732650757,
            "B145": 3.8174631595611572
        }
    },
    "A1738Y": {
        "A": {
            "A1742": 2.8802831172943115,
            "A1741": 3.135632276535034
        },
        "B": {
            "B127": 3.228013515472412,
            "B124": 3.360826015472412,
            "B141": 3.8681581020355225,
            "B123": 4.044090270996094
        }
    },
    "A1739R": {
        "A": {
            "A1738": 1.326249361038208,
            "A1742": 3.2340216636657715
        },
        "B": {
            "B120": 2.724255323410034,
            "B116": 3.8283300399780273,
            "B115": 4.061010837554932
        }
    },
    "A1740R": {
        "A": {},
        "B": {
            "B79": 4.213578701019287,
            "B80": 4.9733405113220215
        }
    },
    "A1741H": {
        "A": {
            "A1742": 1.3165801763534546,
            "A1745": 2.9435858726501465,
            "A1738": 3.135632276535034
        },
        "B": {
            "B127": 2.939908027648926,
            "B144": 3.562990665435791
        }
    },
    "A1742L": {
        "A": {
            "A1738": 2.8802831172943115,
            "A1739": 3.2340216636657715
        },
        "B": {
            "B120": 4.116210460662842,
            "B123": 4.249236583709717
        }
    },
    "A1744Q": {
        "A": {
            "A1741": 3.2048051357269287
        },
        "B": {
            "B145": 4.255228042602539,
            "B147": 4.9067230224609375
        }
    },
    "A1745R": {
        "A": {
            "A1742": 3.522919178009033
        },
        "B": {
            "B123": 3.2146928310394287,
            "B127": 4.284610748291016
        }
    },
    "Complex_Size": {
        "mutant_beginning": "148",
        "mutant_ending": "",
        "ligand_beginning": "",
        "ligand_ending": ""
    }
}