{
    "A11E": {
        "A": {
            "A15": 3.1334874629974365,
            "A14": 3.225311517715454
        },
        "B": {
            "B3628": 3.9493086338043213
        }
    },
    "A14E": {
        "A": {
            "A15": 1.3338342905044556,
            "A11": 3.225311517715454,
            "A18": 3.366196870803833
        },
        "B": {
            "B3628": 4.311905384063721
        }
    },
    "A15A": {
        "A": {
            "A14": 1.3338342905044556,
            "A18": 2.9765238761901855,
            "A11": 3.1334874629974365,
            "A19": 3.510484218597412
        },
        "B": {
            "B3628": 4.256417751312256,
            "B3632": 4.2862677574157715
        }
    },
    "A18L": {
        "A": {},
        "B": {
            "B3625": 3.701906442642212,
            "B3629": 3.8324198722839355,
            "B3628": 3.8875226974487305
        }
    },
    "A19F": {
        "A": {
            "A15": 3.510484218597412
        },
        "B": {
            "B3632": 3.4707069396972656,
            "B3629": 3.5761489868164062,
            "B3633": 3.8546371459960938,
            "B3636": 4.4792022705078125,
            "B3628": 4.934757709503174
        }
    },
    "A27I": {
        "A": {
            "A63": 2.7963621616363525,
            "A19": 3.580634355545044,
            "A52": 4.136159896850586,
            "A68": 4.136450290679932,
            "A32": 4.320192813873291
        },
        "B": {
            "B3636": 4.632027626037598
        }
    },
    "A32L": {
        "A": {
            "A19": 3.925733804702759,
            "A51": 3.963913679122925,
            "A52": 4.021483421325684,
            "A27": 4.320192813873291
        },
        "B": {
            "B3636": 3.887101888656616,
            "B3633": 4.4512529373168945
        }
    },
    "A35V": {
        "A": {
            "A38": 2.832852840423584,
            "A39": 3.2376089096069336,
            "A19": 3.63291072845459,
            "A18": 3.8716893196105957
        },
        "B": {
            "B3629": 3.8214480876922607,
            "B3633": 4.1769561767578125
        }
    },
    "A36M": {
        "A": {
            "A41": 2.883937120437622,
            "A51": 3.628777265548706
        },
        "B": {
            "B3637": 3.5574164390563965,
            "B3633": 3.789276123046875
        }
    },
    "A38S": {
        "A": {
            "A39": 1.3316333293914795
        },
        "B": {
            "B3626": 4.6742424964904785,
            "B3629": 4.991716384887695
        }
    },
    "A39L": {
        "A": {
            "A41": 3.4458322525024414,
            "A112": 4.700697898864746
        },
        "B": {
            "B3630": 3.7697103023529053,
            "B3626": 3.7996628284454346,
            "B3633": 3.997042417526245,
            "B3629": 4.074641227722168
        }
    },
    "A41Q": {
        "A": {
            "A36": 2.883937120437622
        },
        "B": {
            "B3637": 3.246649742126465,
            "B3633": 3.423524856567383
        }
    },
    "A51M": {
        "A": {
            "A52": 1.3323540687561035,
            "A55": 3.582085132598877,
            "A32": 3.963913679122925,
            "A63": 4.838000774383545
        },
        "B": {
            "B3636": 3.315735340118408,
            "B3637": 3.973064661026001,
            "B3633": 4.080203533172607
        }
    },
    "A52I": {
        "A": {
            "A51": 1.3323540687561035,
            "A55": 3.0183815956115723,
            "A63": 3.3508007526397705,
            "A32": 4.021483421325684,
            "A27": 4.136159896850586
        },
        "B": {
            "B3636": 4.657606601715088
        }
    },
    "A55V": {
        "A": {
            "A52": 3.0183815956115723,
            "A51": 3.582085132598877,
            "A71": 3.633361577987671,
            "A63": 3.8723161220550537,
            "A68": 4.594823360443115
        },
        "B": {
            "B3636": 4.028738021850586
        }
    },
    "A63I": {
        "A": {
            "A27": 2.7963621616363525,
            "A52": 3.3508007526397705,
            "A68": 3.8273799419403076,
            "A55": 3.8723161220550537,
            "A51": 4.838000774383545
        },
        "B": {
            "B3636": 3.204644203186035
        }
    },
    "A68F": {
        "A": {
            "A72": 3.0053513050079346,
            "A15": 4.216091156005859
        },
        "B": {
            "B3632": 3.8512139320373535,
            "B3636": 4.436733245849609
        }
    },
    "A71M": {
        "A": {
            "A68": 3.201981544494629,
            "A55": 3.633361577987671
        },
        "B": {
            "B3636": 3.6474034786224365,
            "B3635": 4.313645362854004
        }
    },
    "A72M": {
        "A": {
            "A71": 1.332175850868225,
            "A75": 3.3817358016967773
        },
        "B": {
            "B3635": 4.19092321395874,
            "B3632": 4.3824968338012695
        }
    },
    "A75K": {
        "A": {
            "A72": 3.3817358016967773,
            "A71": 3.696805238723755
        },
        "B": {
            "B3635": 3.4005730152130127
        }
    },
    "A84E": {
        "A": {},
        "B": {
            "B3628": 4.118146896362305,
            "B3627": 4.774956226348877
        }
    },
    "A87E": {
        "A": {
            "A88": 1.3248107433319092,
            "A84": 3.209791898727417,
            "A91": 3.289983034133911
        },
        "B": {
            "B3627": 4.546378135681152
        }
    },
    "A88A": {
        "A": {
            "A87": 1.3248107433319092,
            "A84": 2.7948310375213623,
            "A91": 3.034884214401245,
            "A92": 3.099133014678955
        },
        "B": {
            "B3627": 3.298020839691162,
            "B3624": 3.854685068130493
        }
    },
    "A91V": {
        "A": {
            "A92": 1.3290185928344727,
            "A88": 3.034884214401245,
            "A87": 3.289983034133911
        },
        "B": {
            "B3627": 3.926813840866089,
            "B3630": 4.743275165557861
        }
    },
    "A92F": {
        "A": {
            "A100": 3.549919366836548,
            "A141": 3.8606374263763428,
            "A105": 3.938753843307495,
            "A145": 4.389970779418945
        },
        "B": {
            "B3620": 3.8921852111816406,
            "B3623": 3.9962615966796875
        }
    },
    "A100I": {
        "A": {
            "A136": 2.776519298553467,
            "A92": 3.549919366836548,
            "A141": 3.578432083129883,
            "A105": 4.243105888366699,
            "A125": 4.894659519195557
        },
        "B": {
            "B3620": 4.749978065490723
        }
    },
    "A105L": {
        "A": {
            "A109": 2.967148780822754,
            "A108": 3.2723793983459473,
            "A124": 3.9192557334899902,
            "A92": 3.938753843307495
        },
        "B": {
            "B3623": 3.865478992462158,
            "B3620": 4.085420608520508
        }
    },
    "A108V": {
        "A": {
            "A109": 1.3343793153762817,
            "A112": 2.8957359790802,
            "A105": 3.2723793983459473,
            "A92": 3.694774866104126
        },
        "B": {
            "B3623": 4.7144622802734375
        }
    },
    "A109M": {
        "A": {
            "A108": 1.3343793153762817,
            "A114": 2.8500568866729736,
            "A105": 2.967148780822754,
            "A112": 3.287576675415039,
            "A124": 4.170286655426025
        },
        "B": {
            "B3623": 3.781500816345215,
            "B3619": 4.122235298156738
        }
    },
    "A111N": {
        "A": {
            "A112": 1.3371572494506836
        },
        "B": {
            "B3630": 4.918476581573486
        }
    },
    "A112L": {
        "A": {
            "A114": 3.3982858657836914,
            "A39": 4.700697898864746
        },
        "B": {
            "B3626": 3.59006667137146,
            "B3630": 3.6040265560150146,